{
  "mae": 89.56785468657219,
  "rmse": 109.7330580500258,
  "mape": 5850509551.91836,
  "p10_p90_coverage": 44.18777943368107,
  "baseline_mae": 89.71601528958935,
  "improvement": 0.16514398520589785
}